# MAZ Pocket - 8MB flash (ESP32-S3FN8), no PSRAM.
#
# THIS FILE IS NOT THE REAL DEVICE LAYOUT. On a Launcher-managed device,
# M5Launcher owns and rewrites the partition table; this CSV only gives
# standalone PlatformIO builds a complete 8 MB table for compile/link checks and
# recovery work. The layout seen on the real device (Launcher Web UI) is recorded
# in docs/OTA-LAYOUT.md: Launcher in app0 (type app/test), nod in nodfw0/nodfw1
# (ota_0/ota_1, 0x170000 each), data in mazdata. Never flash this table or an
# image at 0x0 onto a device that boots through Launcher.
#
# storage.cpp must tolerate LittleFS being absent or having moved. A moved data
# region is detected and reported there, never silently formatted.
# Name,     Type, SubType,  Offset,   Size
nvs,        data, nvs,      0x9000,   0x5000
otadata,    data, ota,      0xe000,   0x2000
ota_0,      app,  ota_0,    0x10000,  0x300000
ota_1,      app,  ota_1,    0x310000, 0x300000
spiffs,     data, spiffs,   0x610000, 0x1E0000
coredump,   data, coredump, 0x7F0000, 0x10000
